code,system
N331N00,readv2
N331M00,readv2
N331B00,readv2
N330200,readv2
N331200,readv2
N330600,readv2
N330D00,readv2
N330400,readv2
N330.00,readv2
N330100,readv2
N330A00,readv2
N330C00,readv2
N330z00,readv2
45736.0,readv2
57301.0,readv2
40428.0,readv2
33526.0,readv2
16857.0,readv2
42354.0,readv2
62702.0,readv2
39334.0,readv2
48772.0,readv2
31580.0,readv2
96342.0,readv2
39217.0,readv2
27597.0,readv2
68019.0,readv2
102730.0,readv2
93981.0,readv2
4013.0,readv2
93497.0,readv2
5841.0,readv2
277.0,readv2
16307.0,readv2
3346.0,readv2
34798.0,readv2
41755.0,readv2
38395.0,readv2
19048.0,readv2
9700.0,readv2
11503.0,readv2
12673.0,readv2
25650.0,readv2
36432.0,readv2
93705.0,readv2
24093.0,readv2
18825.0,readv2
93655.0,readv2
70349.0,readv2
17377.0,readv2
46894.0,readv2
14967.0,readv2
9Od0.00,readv2
9Od9.00,readv2
9Od2.00,readv2
9Od8.00,readv2
66a..00,readv2
58EG.00,readv2
58EV.00,readv2
NyuB200,readv2
M82,readv2
9Od6.00,readv2
9Od7.00,readv2
N330700,readv2
N331A00,readv2
N331H00,readv2
N331600,readv2
N331400,readv2
N330300,readv2
N331L00,readv2
N331K00,readv2
N331900,readv2
N331M11,readv2
N331N11,readv2
9kj..00,readv2
9Od..00,readv2
NyuB800,readv2
N330000,readv2
NyuB100,readv2
NyuB000,readv2
N330500,readv2
9kj0.00,readv2
N331500,readv2
9Od3.00,readv2
9Od5.00,readv2
9Od4.00,readv2
58EM.00,readv2
N331800,readv2
N331J00,readv2
N374600,readv2
N331300,readv2
M81,readv2
M80,readv2
N330B00,readv2
14GB.00,readv2
36796.0,readv2
25534.0,readv2
96779.0,readv2
105290.0,readv2
98433.0,readv2
61121.0,readv2
93455.0,readv2
98760.0,readv2
68122.0,readv2
92887.0,readv2
102017.0,readv2
99817.0,readv2
65163.0,readv2
11603.0,readv2